{
  "name": "ionic-calendar",
  "version": "0.2.8",
  "homepage": "https://github.com/twinssbc/Ionic-Calendar",
  "authors": [
    "twinssbc <bocong@hotmail.com>"
  ],
  "description": "A calendar directive for Ionic framework",
  "main": [
    "dist/css/calendar.css",
    "dist/js/calendar-tpls.js"
  ],
  "keywords": [
    "ionic",
    "calendar"
  ],
  "dependencies": {
    "ionic": "~1.1.1"
  },
  "license": "MIT",
  "ignore": [
    "lib/",
    "css/",
    "src/",
    "template/",
    ".jshintrc",
    "gruntfile.js",
    "package.json"
  ],
  "_release": "0.2.8",
  "_resolution": {
    "type": "version",
    "tag": "0.2.8",
    "commit": "b15e6b8b525fe5884b95b89f1c7c37b24c717086"
  },
  "_source": "https://github.com/twinssbc/Ionic-Calendar.git",
  "_target": "^0.2.3",
  "_originalSource": "ionic-calendar"
}