{
  "name": "firebase",
  "version": "3.6.4",
  "homepage": "https://firebase.google.com",
  "authors": [
    "Firebase <firebase-support@google.com>"
  ],
  "description": "Firebase Web Client",
  "main": "firebase.js",
  "keywords": [
    "Firebase",
    "realtime",
    "database",
    "storage",
    "authentication"
  ],
  "license": "https://developers.google.com/terms",
  "private": false,
  "ignore": [
    "**/.*",
    "node_modules",
    "bower_components",
    "test",
    "tests"
  ],
  "_release": "3.6.4",
  "_resolution": {
    "type": "version",
    "tag": "v3.6.4",
    "commit": "65e5b33b82d42a1e1f5e896d3a6631ab34c4318f"
  },
  "_source": "https://github.com/firebase/firebase-bower.git",
  "_target": "^3.6.4",
  "_originalSource": "firebase",
  "_direct": true
}