{
  "name": "angular-material-datetimepicker",
  "description": "A datetime picker for AngularJS Material",
  "version": "1.4.0",
  "keywords": [
    "css",
    "js",
    "mobile-first",
    "angular",
    "material",
    "angular-material",
    "responsive",
    "front-end",
    "web"
  ],
  "homepage": "https://logbon72.github.io/angular-material-datetimepicker",
  "main": [
    "js/angular-material-datetimepicker.min.js",
    "css/material-datetimepicker.min.css"
  ],
  "ignore": [
    "_config.yml",
    "CNAME",
    "composer.json",
    "CONTRIBUTING.md",
    "docs",
    "js/tests",
    "test-infra"
  ],
  "dependencies": {
    "momentjs": "~2.10.2",
    "angular-material": "~1.0.6"
  },
  "_release": "1.4.0",
  "_resolution": {
    "type": "version",
    "tag": "v1.4.0",
    "commit": "a56d802c5d5f0cd08289b69efab7f13b73654415"
  },
  "_source": "https://github.com/logbon72/angular-material-datetimepicker.git",
  "_target": "^1.4.0",
  "_originalSource": "angular-material-datetimepicker",
  "_direct": true
}