{
  "name": "angular-material",
  "version": "1.0.9",
  "license": "MIT",
  "ignore": [],
  "dependencies": {
    "angular": "^1.4.8",
    "angular-animate": "^1.4.8",
    "angular-aria": "^1.4.8",
    "angular-messages": "^1.4.8"
  },
  "main": [
    "angular-material.js",
    "angular-material.css"
  ],
  "homepage": "https://github.com/angular/bower-material",
  "_release": "1.0.9",
  "_resolution": {
    "type": "version",
    "tag": "v1.0.9",
    "commit": "a8c93a292d7d07cb1057d3b8bf1ef85d654d7241"
  },
  "_source": "https://github.com/angular/bower-material.git",
  "_target": "~1.0.6",
  "_originalSource": "angular-material"
}