{
  "name": "angular-off-click",
  "version": "1.0.8",
  "main": [
    "./dist/angular-off-click.js"
  ],
  "ignore": [
    ".jshintrc",
    "**/*.txt"
  ],
  "license": "MIT",
  "keywords": [
    "angular",
    "off",
    "click"
  ],
  "author": {
    "name": "Evan Sharp",
    "url": "https://github.com/TheSharpieOne"
  },
  "contributors": [
    {
      "name": "Ricardo Marques",
      "url": "https://github.com/RicardoAlmeidaMarques"
    }
  ],
  "dependencies": {
    "angular": "*"
  },
  "homepage": "https://github.com/TheSharpieOne/angular-off-click",
  "_release": "1.0.8",
  "_resolution": {
    "type": "version",
    "tag": "v1.0.8",
    "commit": "843ec731bf8ad586ab2884c1a1c678a928020165"
  },
  "_source": "https://github.com/TheSharpieOne/angular-off-click.git",
  "_target": "^1.0.7",
  "_originalSource": "angular-off-click"
}