{
  "name": "angular-dragula",
  "version": "1.2.8",
  "description": "Drag and drop so simple it hurts",
  "main": [
    "dist/angular-dragula.js",
    "dist/dragula.css"
  ],
  "ignore": [],
  "homepage": "https://github.com/bevacqua/angular-dragula",
  "authors": [
    "Nicolas Bevacqua <nicolasbevacqua@gmail.com>"
  ],
  "license": "MIT",
  "_release": "1.2.8",
  "_resolution": {
    "type": "version",
    "tag": "v1.2.8",
    "commit": "955644e7617df2d6e98b34ac37d5e3005e419440"
  },
  "_source": "https://github.com/bevacqua/angular-dragula.git",
  "_target": "^1.2.7",
  "_originalSource": "angular-dragula"
}